Hashtags,Hashtags Count
#Serenity,15
#Excitement,13
#Gratitude,13
#Despair,11
#Nostalgia,11
#Curiosity,10
#Contentment,10
#Hopeful,9
#Grief,9
#Awe,9
#Loneliness,9
#Acceptance,8
#Enthusiasm,8
#Joy,8
#Confusion,8
#Inspiration,7
#Determination,7
#Elation,7
#Euphoria,7
#Regret,6
#Ambivalence,6
#Bitterness,6
#Numbness,6
#Melancholy,6
#Reflection,6
#Playful,6
#Pride,6
#Inspired,5
#Betrayal,5
#Indifference,5
#Frustrated,5
#Adventure,5
#Overwhelmed,5
#Happiness,5
#Hope,5
#Empowerment,5
#Fulfillment,4
#Disgust,4
#Compassion,4
#Arousal,4
#Tenderness,4
#Kindness,4
#Love,4
#Admiration,4
#Desolation,4
#Surprise,4
#Calmness,4
#Creativity,4
#Reverence,4
#Nature,4
#Thrill,4
#Resentment,4
#Grateful,4
#Proud,4
#HighSchoolArt,4
#Enchantment,4
#Compassionate,4
#Frustration,4
#Injustice,4
#Amusement,3
#BookTime,3
#CarnivalEscapade,3
#Fearful,3
#SeedsOfOptimism,3
#Dismissive,3
#ScalingPeaks,3
#TearsOfEmpathy,3
#Anticipation,3
#HighSchoolStruggles,3
#Confident,3
#Envious,3
#Jealous,3
#Disappointment,3
#FreeSpirit,3
#HighSchoolAthlete,3
#Empathetic,3
#Shame,3
#Heartbreak,3
#TeenLife,3
#FamilyLaughter,3
#Accomplishment,3
#Boredom,3
#Envy,3
#Jealousy,3
#Isolation,3
#Loss,3
#Harmony,3
#Wonder,3
#HighSchoolAwkward,3
#HighSchoolMemories,3
#Fear,3
#Devastated,3
#PersonalGrowth,3
#Success,3
#FitnessGoals,3
#Mindfulness,3
#Optimism,3
#Cooking,3
#Celebration,3
#Milestone,3
#NewBeginnings,2
#Intimidation,2
#HighSchoolScience,2
#Tranquility,2
#Anxiety,2
#Whimsy,2
#Gaming,2
#Helplessness,2
#Reading,2
#MissedChances,2
#EmotionalOutburst,2
#AncientMysteries,2
#EmotionalStorm,2
#EmotionalShield,2
#Captivation,2
#HighSchoolEmotions,2
#Emotion,2
#VirtualReality,2
#Satisfaction,2
#HighSchoolProjects,2
#HighSchoolSnacks,2
#HiddenGem,2
#ArchitecturalGrandeur,2
#HighSchoolCelebration,2
#WarmWinterEvening,2
#Coziness,2
#ForestWhispers,2
#SeasideEscape,2
#Rejuvenation,2
#StargazingAdventure,2
#SkillBuilding,2
#SpringBlooms,2
#Radiance,2
#MusicalUnity,2
#ThoughtLabyrinth,2
#DriftingThroughLife,2
#SurpriseCelebration,2
#BrighterTomorrows,2
#Travel,2
#CloudsOfCreativity,2
#TranquilWaters,2
#LanternOfCompassion,2
#WingsOfDreams,2
#GoldenHues,2
#DanceOfLife,2
#JugglingResponsibilities,2
#Friendship,2
#TalesToTheStars,2
#SailorOfDreams,2
#SolitaryNocturne,2
#MosaicOfDisappointment,2
#Yearning,2
#Fitness,2
#Apprehensive,2
#PositiveVibes,2
#ShatteredTrust,2
#RainyDays,2
#IndifferencePerformance,2
#Blessed,2
#Contemplation,2
#SeniorJazz,2
#TimelessTunes,2
#LifeLessons,2
#SupportiveCommunity,2
#SeniorCreativity,2
#EmotionalStorms,2
#CulturalCelebration,2
#Zest,2
#SeniorTravel,2
#HighSchoolCreativity,2
#FriendshipGoals,2
#Exploration,2
#MovieNight,2
#Art,2
#HighSchoolEmbarrassment,2
#LostLove,2
#Memories,2
#Sorrow,2
#HighSchoolSports,2
#Enjoyment,2
#Meditation,2
#StarryNight,2
#Corruption,2
#Affection,2
#Disappointed,2
#SurpriseParty,2
#Resilience,2
#StandUpComedy,2
#InnerPeace,2
#HighSchoolReality,2
#Challenges,2
#LifeJourney,2
#PetLove,2
#Adoration,2
#SpreadLove,2
#OldFriends,2
#FamilyTime,2
#Sadness,2
#HighSchoolRegret,2
#HighSchoolTech,2
#HighSchoolSkills,2
#Farewell,2
#U2Anthem,1
#AncientTales,1
#TeenChef,1
#WorldCupTriumph,1
#CookingFail,1
#KatyPerry,1
#ClassEvent,1
#TeenConfessions,1
#TeenExcitement,1
#Suspense,1
#BookDiscoveries,1
#CrushStruggles,1
#HistoricalTour,1
#WhispersOfThePast,1
#TeenReading,1
#Colorful,1
#JayZAnthem,1
#AvoidingEyeContact,1
#Connection,1
#TeenProblems,1
#ShakiraRhythms,1
#FulfillingEnding,1
#ProjectMiracle,1
#Hypnotic,1
#TeenSuccess,1
#TeenFashion,1
#SnackCrisis,1
#WeekendOops,1
#LostHeadphones,1
#Romance,1
#SelfieStruggle,1
#CrimeSeriesThrills,1
#StudyingMemes,1
#ColdplayMagic,1
#GameOn,1
#SymphonyOfSpeed,1
#Journey,1
#OscarWinningMoment,1
#BobMarleyTribute,1
#FamilyDramaMoments,1
#MoviePremiereThrills,1
#Touched,1
#TeenTravel,1
#ClassicFilmMoments,1
#IndieFilmSuccess,1
#MusicMagic,1
#ChildhoodFantasies,1
#Engagement,1
#WebSeriesJourney,1
#TeenConcert,1
#ParisianDreams,1
#WildHeartRide,1
#ChildhoodMemories,1
#ArianaGrande,1
#GNRConcert,1
#Amazement,1
#GetawayGoals,1
#SunsetHues,1
#TeenGamer,1
#BingeWatchDay,1
#SurfingThrills,1
#JapaneseTraditions,1
#FashionGoals,1
#Iconic,1
#TeenStyle,1
#DeepMeanings,1
#InstrumentLearning,1
#SpringtimeColors,1
#TeenMusic,1
#HiddenGemDiscovery,1
#MusicTherapy,1
#TeenPlaylist,1
#CookingSuccess,1
#TeenCook,1
#EarthsGrandeur,1
#AncientCivilizations,1
#OceansFreedom,1
#BoxingDefeat,1
#Breakthrough,1
#GolfDefeat,1
#ScientificDiscovery,1
#Pressure,1
#GymnasticsFall,1
#Sympathy,1
#CyclingFrustration,1
#Obstacle,1
#TaylorSwift,1
#StreetArtVibes,1
#TennisSetback,1
#SoccerDefeats,1
#HockeyFinalsComeback,1
#OrchestraMelody,1
#BeyonceConcert,1
#JoyInBaking,1
#Energy,1
#HomemadeDelights,1
#AdeleMelodies,1
#CafeReflection,1
#Heartwarming,1
#Miscalculation,1
#RenewedEffort,1
#Ecstasy,1
#BasketballStruggles,1
#SinatraTribute,1
#Charm,1
#JustinBieber,1
#MJTribute,1
#BrunoMars,1
#EdSheeranConcert,1
#Solace,1
#SwimmingDisappointment,1
#Challenge,1
#WeightliftingFailure,1
#LadyGaga,1
#OwnGoal,1
#SunsetBeauty,1
#QueenTribute,1
#RoadTripMemories,1
#AdeleConcert,1
#IcyMasterpiece,1
#FashionInnovation,1
#Stargazing,1
#CricketChampionship,1
#ThrillingJourney,1
#MysteryNovel,1
#NaturesBeauty,1
#EngineeringMarvels,1
#FloralJoy,1
#NatureOrchestra,1
#CelestialWonder,1
#ParadiseWhispers,1
#SnowyLandscapes,1
#GladiatorTales,1
#CreativeInspiration,1
#OlympicAchievement,1
#UrbanEnergy,1
#MetallicaConcert,1
#TimelessCity,1
#CoffeeJourney,1
#RunwayCreativity,1
#SunriseHues,1
#WinterMagic,1
#Grandeur,1
#KhmerStories,1
#CyclingChampion,1
#Formula1Championship,1
#GolfVictory,1
#EnvisioningHistory,1
#SnowPeakDance,1
#MuseumTales,1
#BasketballFinals,1
#Triumph,1
#Imagination,1
#StreetFoodDelights,1
#TennisRivalry,1
#MarathonRecords,1
#LiteraryEscape,1
#Vibrancy,1
#MarketStories,1
#Mesmerizing,1
#NightDancePerformance,1
#CulinaryAdventure,1
#ZenWisdom,1
#SeniorCars,1
#TeenCartoons,1
#DIYGoals,1
#HighSchoolNostalgia,1
#FirstDayOops,1
#HealthyLiving,1
#HighSchoolWellness,1
#SchoolChallenges,1
#OnlineHate,1
#BadDay,1
#HighSchoolBlues,1
#CafeteriaDrama,1
#HighSchoolTension,1
#AcademicFrustration,1
#HighSchoolStress,1
#LifeChallenges,1
#LonelyNights,1
#StopCyberbullying,1
#BadLuck,1
#HighSchoolWeather,1
#RumorMills,1
#HighSchoolDrama,1
#BadLuckDay,1
#SayingGoodbye,1
#CollegeDreams,1
#HighSchoolJourney,1
#TimeCapsule,1
#HighSchoolStyle,1
#HairExperiment,1
#MagicFail,1
#SocialMediaBlunder,1
#CrushFail,1
#PaperPlaneExpert,1
#TextbookJuggling,1
#SnackNinja,1
#SurpriseAdventure,1
#HighSchoolFun,1
#RainDance,1
#HighSchoolJoy,1
#TextingFail,1
#HighSchoolMagic,1
#CartwheelChallenge,1
#OrigamiMaster,1
#HackySackChallenge,1
#BurgerQuest,1
#HighSchoolFoodie,1
#HighSchoolTalent,1
#LoveLetterFail,1
#ScienceGeek,1
#HighSchoolExperiments,1
#FriendshipBracelets,1
#HighSchoolCrafts,1
#OnlineGaming,1
#HighSchoolGamer,1
#BadHairDay,1
#HighSchoolAthletics,1
#HighSchoolVolunteer,1
#TeamSpirit,1
#DebateSkills,1
#HighSchoolIntellect,1
#CodingTriumph,1
#TalentShow,1
#HighSchoolEntertainment,1
#NatureAdventures,1
#HighSchoolFriends,1
#SportsTriumph,1
#GlobalFriendship,1
#EfficiencyGoals,1
#HighSchoolCorrespondence,1
#ArtCollaboration,1
#ArtisticExpression,1
#AthleticAchievement,1
#ScienceFairWinner,1
#HighSchoolFriendship,1
#CommunityGiving,1
#HighSchoolPhilanthropy,1
#HighSchoolUnity,1
#VirtualEntertainment,1
#CommunityService,1
#ScienceFair,1
#HighSchoolConfidence,1
#BookClub,1
#ProjectStruggles,1
#HighSchoolHardships,1
#OnlineOpinions,1
#HighSchoolCriticism,1
#TechIssues,1
#MissedMoments,1
#StudyStrategies,1
#HighSchoolExams,1
#EnvironmentalEfforts,1
#HighSchoolCommunity,1
#HighSchoolReads,1
#HighSchoolHobbies,1
#BakingAdventures,1
#HighSchoolBakes,1
#Teamwork,1
#SchoolClubs,1
#HighSchoolInterests,1
#CareerDevelopment,1
#HighSchoolJobs,1
#SchoolEvents,1
#HighSchoolConnectivity,1
#PhotographyJourney,1
#HighSchoolTikTok,1
#DanceFail,1
#SleepoverFun,1
#SeniorClicks,1
#LifeWellLived,1
#SeniorWine,1
#CreativityAtAnyAge,1
#LifetimeExperiences,1
#SeniorMemoir,1
#LifetimeAdventure,1
#SeniorCuriosity,1
#KitchenMemories,1
#SeniorCulinary,1
#OutdoorBeauty,1
#SoulfulWriting,1
#NatureWonders,1
#SeniorReflections,1
#DiscoverNewPlaces,1
#RoadTripDownMemoryLane,1
#NightSkyTriumph,1
#GardenFriends,1
#SeniorGreenThumb,1
#HeartwarmingMoments,1
#SeniorFamily,1
#DanceLife,1
#SeniorMoves,1
#SeniorGarden,1
#SeniorCalm,1
#SeniorArt,1
#HappinessInFood,1
#TeenCreative,1
#CulturalDay,1
#TeenCuriosity,1
#BloggingJourney,1
#TeenThoughts,1
#QuietMoments,1
#BookishEscape,1
#AgingGracefully,1
#ArtDiscovery,1
#SeniorArtist,1
#SeniorLife,1
#MindfulLiving,1
#MindEnrichment,1
#SeniorLearning,1
#MusicLover,1
#SeniorConcert,1
#NatureCapture,1
#SeniorMoments,1
#SeniorBonding,1
#CherishedPlaces,1
#MusicHarmony,1
#SeniorVoices,1
#CreativeExpressions,1
#BookishTalks,1
#SnackSmuggler,1
#HighSchoolSkater,1
#DebateWarrior,1
#HighSchoolDebater,1
#PhotographyClub,1
#HighSchoolPhotographer,1
#PromDreams,1
#HighSchoolFairytale,1
#OutdoorClassroom,1
#HighSchoolExplorer,1
#ArtisticMishaps,1
#SkaterLife,1
#KpopFangirl,1
#CodingAdventure,1
#HighSchoolMusic,1
#ChemistryWizard,1
#HighSchoolScientist,1
#BirthdayParty,1
#DramaClubStar,1
#HighSchoolActor,1
#FantasyBookNerd,1
#HighSchoolReader,1
#DoodleMaster,1
#HandstandChallenge,1
#HighSchoolCoderLife,1
#HighSchoolAdventures,1
#SeniorBookworms,1
#AgedToPerfection,1
#FriendshipSunshine,1
#SeniorMemories,1
#StagePassion,1
#SeniorTheater,1
#NatureTrailBlazer,1
#SeniorExplorer,1
#LifeInPictures,1
#SeniorExhibition,1
#OpenRoadAdventures,1
#SeniorCycling,1
#SeniorCheers,1
#PhysicsSurvivor,1
#GracefulMoves,1
#SeniorDance,1
#CommunityArt,1
#FriendshipAdventures,1
#SeniorNostalgia,1
#CelestialWonders,1
#SeniorAstronomy,1
#SeniorBlog,1
#RunForACause,1
#SeniorSupport,1
#BoundlessLaughter,1
#StandingTall,1
#BrilliantTrails,1
#PersonalDevelopment,1
#CommunityKindness,1
#LoveNote,1
#TravelAdventure,1
#ArtisticProject,1
#HelpingOthers,1
#HistoricalSite,1
#FitnessMilestone,1
#ProductLaunchSuccess,1
#SunsetViews,1
#SmallJoys,1
#VolunteerWork,1
#ShowerOfThankfulness,1
#FestivalExcitement,1
#HomeImprovement,1
#PuzzleChallenge,1
#NatureExploration,1
#FriendshipReunion,1
#Struggle,1
#Obstacles,1
#LackOfInterest,1
#Worry,1
#Desire,1
#Mentorship,1
#BusinessVenture,1
#CommunitySupport,1
#PeacefulMelody,1
#Unfairness,1
#LifeChoices,1
#WeekendAdventure,1
#HumanityRestored,1
#Accomplishments,1
#Integrity,1
#Victory,1
#Community,1
#CharityEvent,1
#NewProject,1
#History,1
#LiveMusic,1
#SundayMood,1
#Supportive,1
#HolidaySupport,1
#CozyEvening,1
#AdventureTime,1
#ArtAppreciation,1
#PersonalAchievement,1
#BirthdaySurprise,1
#HomeCooking,1
#Hopeless,1
#Tears,1
#SeekingConnection,1
#ConflictingFeelings,1
#DreamsIntoReality,1
#OceanRetreat,1
#NewHorizons,1
#PerplexedMind,1
#WistfulHeart,1
#YearbookMemories,1
#ShadesOfUncertainty,1
#ImperfectJourney,1
#UnparalleledHeights,1
#NatureWhispers,1
#SilentObserver,1
#StoicResilience,1
#BittersweetMemories,1
#DiaryJourney,1
#ConflictingEmotions,1
#BeautifulChaos,1
#ExtraordinaryPath,1
#RaindropMelody,1
#SeekerOfKnowledge,1
#LabyrinthOfThoughts,1
#WistfulYearning,1
#SelfLoveJourney,1
#JournalMoments,1
#Insecurity,1
#WhispersInTheBreeze,1
#BrokenTrust,1
#Monotony,1
#Restlessness,1
#FacingFear,1
#Struggling,1
#PastChoices,1
#DarkDays,1
#YearningForConnection,1
#Unforgiving,1
#Stagnation,1
#Learning,1
#DigitalOverload,1
#LifePuzzle,1
#SunsetMoments,1
#MemoryLane,1
#UncertainChoices,1
#AchieveTheImpossible,1
#NatureRetreat,1
#KnowledgeQuest,1
#FloatingThroughLife,1
#StoicFacade,1
#Bitter,1
#Diversity,1
#FitnessChallengeCompleted,1
#AI,1
#WinterBlues,1
#Mood,1
#CoffeeTime,1
#VR,1
#Productivity,1
#WorkFromHome,1
#ChallengeAccepted,1
#Career,1
#Brunch,1
#Friends,1
#LanguageLearning,1
#QuietTime,1
#MentalHealth,1
#SelfCare,1
#PaintingInProgress,1
#RoadTrip,1
#ScenicViews,1
#TeaTime,1
#Sunset,1
#Coding,1
#Workshop,1
#TechConference,1
#LateNight,1
#Fun,1
#FurryFriend,1
#Traffic,1
#Morning,1
#Workout,1
#Food,1
#Cozy,1
#MustWatch,1
#Politics,1
#Debate,1
#Summer,1
#BeachDays,1
#Blogging,1
#NewPost,1
#SickDay,1
#Health,1
#CityExplore,1
#HiddenGems,1
#NewYear,1
#Tech,1
#Innovation,1
#Future,1
#PetAdoption,1
#WinterSports,1
#Weekend,1
#ActsOfKindness,1
#FunTimes,1
#BadService,1
#Gift,1
#BitterLesson,1
#Growth,1
#PeacefulMind,1
#DecisionMaking,1
#TravelPlans,1
#Humanity,1
#Anger,1
#Argument,1
#Unknown,1
#NewFamilyMember,1
#PetAntics,1
#Volunteers,1
#FamilyLove,1
#Project,1
#PuppyLove,1
#MovieRelease,1
#BitterExperience,1
#CustomerService,1
#MakingSense,1
#Breathtaking,1
#ComedyShow,1
#Music,1
#Environment,1
#ConcertNight,1
#Dessert,1
#Tournament,1
#Gardening,1
#Spring,1
#Birthday,1
#Accomplished,1
#CozyNight,1
#MovieTime,1
#GalleryExplore,1
#BookRelease,1
#FavoriteAuthor,1
#VRMeetup,1
#SpecialDinner,1
#NewWeek,1
#FitnessChallenge,1
#BikeRide,1
#ScenicTrails,1
#Angry,1
#ThrillerMovie,1
#NaturalDisaster,1
#PhotoAlbumStories,1
#CrossroadsConfusion,1
#UnpredictableArt,1
#Marvel,1
#TranquilSunset,1
#HeavyHeart,1
#LostFriendship,1
#EndlessDarkness,1
#Suffering,1
#HeartacheSymphony,1
#SadnessWhirlwind,1
#HauntedPast,1
#TornApart,1
#EmotionalWinter,1
#CrushedHopes,1
#PainfulEchoes,1
#AbyssOfHeartache,1
#QuietSerenade,1
#WoundedHeart,1
#Exhaustion,1
#CrushedSpirit,1
#SymphonyOfLoss,1
#Darkness,1
#SoulEngulfed,1
#Desperation,1
#ColorfulStreetMarket,1
#WarmTea,1
#Ruins,1
#InspirationIgnited,1
#MeditationBliss,1
#Freedom,1
#CoastalAdventure,1
#Dazzle,1
#MasqueradeElegance,1
#FairyTaleMagic,1
#ForgottenEra,1
#Adrenaline,1
#RollercoasterThrills,1
#ArtisticBurst,1
#StudioCreativity,1
#CulinaryOdyssey,1
#FlavorsAroundTheWorld,1
#PerfectPuzzle,1
#SnowfallMagic,1
#FreshBreadAroma,1
#Park,1
#Immersion,1
#CaptivatingNovel,1
#FamilyPhotoAlbum,1
#Spark,1
#GlimmerOfHope,1
#ShatteredDreams,1
#SummerCarnival,1
#PoisonedTrust,1
#UntoldSorrows,1
#PastCurrents,1
#ForgottenLove,1
#ShatteredVows,1
#Solitude,1
#ShadowConversation,1
#SimpleMoments,1
#SpiritLifter,1
#HopefulJourney,1
#ThankfulMelody,1
#HappinessMilestone,1
#Positivity,1
#SoulUpliftment,1
#CherishedMoment,1
#LoveStitches,1
#CamaraderieBlooms,1
#RhythmOfAffection,1
#EndlessSmiles,1
#IgnitedSoul,1
#WonderfulMoment,1
#TreasuresOfDiscovery,1
#DeepDescent,1
#MelancholicMelody,1
#ScatteredHope,1
#CherishedMemories,1
#PathOfRemorse,1
#LostJoyFootsteps,1
#CrashingWaves,1
#StainedTrust,1
#WhisperedLoss,1
#RippleOfDespair,1
#SilentTears,1
#ReverberatingPromises,1
#TightropeWalk,1
#SilentSolitude,1
#FadingPossibilities,1
#EndlessReverberation,1
#AutumnLeaves,1
#ShatteredHopes,1
#LostLoveLonging,1
#ClosingWalls,1
#CalmAfterStorm,1
#UnraveledHope,1
#SilentSurrender,1
#Heartache,1
#LoveSongLonging,1
#InnerJourney,1
#FestiveJoy,1
#SculptingDreams,1
#ImaginedHorrors,1
#BouldersOfExhaustion,1
#GreenEyedMonster,1
#WindsOfBrokenPromises,1
#UnsolvablePuzzle,1
#GildedPrize,1
#ImpenetrableWalls,1
#SpecterOfTheUnknown,1
#BitterAftertaste,1
#DrowningSoul,1
#HeartOfDiscontent,1
#SlippingThreads,1
#BitterPill,1
#LabyrinthOfHopelessness,1
#IciclesOfResentment,1
#StarlessSky,1
#HuesOfSunset,1
#LurkingMonsters,1
#StormOfDoubt,1
#MinotaurOfPressure,1
#BloomingAchievements,1
#EchoesOfShatteredDreams,1
#BalancingAct,1
#DistantWarmth,1
#DesireForKeys,1
#MiragesOfConnection,1
#MoonlitPeace,1
#FearlessExplorer,1
#CarefreeSpirit,1
#GoldenGlow,1
#CanvasOfDreams,1
#BranchesOfAchievement,1
#BlossomingConnection,1
#TapestryOfUnderstanding,1
#ShowerOfEmpathy,1
#DanceInTheRain,1
#PaintingTheSky,1
#CreativePhoenix,1
#SunriseOfPossibilities,1
#FootprintsOfAssuredness,1
#MoonlitSerenade,1
#LabyrinthOfQuestions,1
#AutumnWaltz,1
#GuidingStar,1
#FieldsOfEnthusiasm,1
#EchoingSilence,1
#ResentmentWeb,1
#LabyrinthOfMiscommunication,1
#BreathtakingSunrise,1
#StreetMusic,1
#BrightFuture,1
#SunnyDay,1
#RareBookDiscovery,1
#CosmicFireflies,1
#Intrigue,1
#AbstractArt,1
#PlayfulJoy,1
#ChildrensPlaydate,1
#LakeTranquility,1
#DreamChaser,1
#SkyHighDreams,1
#Elegance,1
#BallroomDance,1
#MagicalWorld,1
#Pensive,1
#AncientCivilization,1
#RollercoasterAdventure,1
#ArtistsHaven,1
#CulinaryJourney,1
#PuzzleCompletion,1
#FireflyField,1
#Melodic,1
#CareerMilestone,1
#DoubleRainbow,1
#OldMemories,1
#Wonderment,1
#VacationCountdown,1
#Bittersweet,1
#AncientDiscovery,1
#HandcraftedArt,1
#Overjoyed,1
#WinterWarmth,1
#ColorfulSunset,1
#Motivation,1
#MorningCoffee,1
#HikingAdventure,1
#PlayfulKittens,1
#JoyfulReunion,1
#DIYProject,1
#TranquilGarden,1
#AdventureAwaits,1
#ChildhoodFavorites,1
#Appreciation,1
#CulturalExperience,1
#Confidence,1
#OvercomingAnxiety,1
#FitnessSuccess,1
#HighSchoolPositivity,1
